product_id;title;description;price_eur;condition;kg_co2_saved;image_url;category_id;seller_id;created_at;available
45ac0239-fe9d-4818-b442-10bc9eda8d63;Reloj de pulsera;Descripciµn de ejemplo para Reloj de pulsera en excelente estado.;65,00;como nuevo;6,22;https://images.unsplash.com/photo-1524592094714-0f0654e20314?q=80&w=800&auto=format&fit=crop;bd572ce9-3394-4310-89f2-5f6f996c391f;cf5826ce-8820-476d-91d1-b8c7ff036e4b;2024-04-12;true
0313ad82-39c9-42d1-871b-06888f6c1e1d;SofÃ de 3 plazas;Descripciµn de ejemplo para SofÃ de 3 plazas en excelente estado.;280,00;como nuevo;8,24;https://images.unsplash.com/photo-1555041469-a586c61ea9bc?q=80&w=800&auto=format&fit=crop;99e49476-3326-4fc0-8395-3c4aa5ebedc9;4db8c278-8988-4a14-a77f-4a4aa091d6f8;2025-03-18;true
691044d4-7e64-4e78-9d32-db7ca9db563b;CÃmara rÕflex #929;Descripciµn de ejemplo para CÃmara rÕflex #929 en excelente estado.;320,00;como nuevo;50,69;https://images.unsplash.com/photo-1516035069371-29a1b244cc32?q=80&w=800&auto=format&fit=crop;4d6d0688-e653-4f48-8a4f-770acc0b4c6a;f3d73773-47d1-4f1d-825c-cf7222508d00;2025-05-29;true
dfcd7787-181a-47ac-bb0d-2a0b1dc349be;Reloj de pulsera;Descripciµn de ejemplo para Reloj de pulsera en excelente estado.;90,00;bueno;56,49;https://images.unsplash.com/photo-1524592094714-0f0654e20314?q=80&w=800&auto=format&fit=crop;bd572ce9-3394-4310-89f2-5f6f996c391f;0b574b63-38aa-4466-9631-1c204614576f;2025-09-08;true
ba1b786b-02af-4a15-a32c-f29e5c35cdd4;Mesa de comedor #190;Descripciµn de ejemplo para Mesa de comedor #190 en excelente estado.;140,00;aceptable;58,47;https://images.unsplash.com/photo-1577140917170-285929fb55b7?q=80&w=800&auto=format&fit=crop;99e49476-3326-4fc0-8395-3c4aa5ebedc9;fcce37ba-3373-4182-9d46-0afb5a9d452d;2024-01-14;true
14e57282-501e-42f5-9644-fda09c751dab;Taladro inalÃmbrico;Descripciµn de ejemplo para Taladro inalÃmbrico en excelente estado.;55,00;nuevo;4,25;https://images.unsplash.com/photo-1504148455328-c376907d081c?q=80&w=800&auto=format&fit=crop;3c9f4130-6efd-455d-884a-dafdaee6a4ff;0b574b63-38aa-4466-9631-1c204614576f;2024-12-07;false
a88860dd-2e60-4023-8b4e-e35e514b176f;Mesa de comedor;Descripciµn de ejemplo para Mesa de comedor en excelente estado.;120,00;bueno;5,75;https://images.unsplash.com/photo-1577140917170-285929fb55b7?q=80&w=800&auto=format&fit=crop;99e49476-3326-4fc0-8395-3c4aa5ebedc9;1e750c7e-8c26-4f73-9f1e-371fb29aea09;2024-08-26;false
3b32f86a-40db-4067-8be9-bcd00daea726;Guitarra acºstica;Descripciµn de ejemplo para Guitarra acºstica en excelente estado.;150,00;bueno;48,16;https://images.unsplash.com/photo-1510915361894-db8b60106cb1?q=80&w=800&auto=format&fit=crop;adc8f222-aa5d-41c5-b1db-8f39e8200b5d;68ddd7e7-de65-42f7-92e0-99d862939bf5;2025-12-28;true
82908602-5773-4369-96c3-19314d3b9394;Cuna para bebÕ #226;Descripciµn de ejemplo para Cuna para bebÕ #226 en excelente estado.;85,00;bueno;1,03;https://images.unsplash.com/photo-1749703827003-8e5046941847?q=80&w=687&auto=format&fit=crop&ixlib=rb-4.1.0&ixid=M3wxMjA3fDB8MHxwaG90by1wYWdlfHx8fGVufDB8fHx8fA%3D%3D;99e49476-3326-4fc0-8395-3c4aa5ebedc9;11b37d13-43ea-42fe-bcd6-20a2e5640a83;2023-06-16;true
f0585b12-9695-479f-bd29-a72f4c1bd9f8;Auriculares Bluetooth #80;Descripciµn de ejemplo para Auriculares Bluetooth #80 en excelente estado.;40,00;nuevo;9,2;https://images.unsplash.com/photo-1505740420928-5e560c06d30e?q=80&w=800&auto=format&fit=crop;4d6d0688-e653-4f48-8a4f-770acc0b4c6a;a4cc673a-1774-467b-8f2d-199dca300f6b;2025-01-02;true
da5a231b-dc62-4068-a3b7-fb55f1de9a64;Auriculares Bluetooth #665;Descripciµn de ejemplo para Auriculares Bluetooth #665 en excelente estado.;60,00;como nuevo;33,82;https://images.unsplash.com/photo-1505740420928-5e560c06d30e?q=80&w=800&auto=format&fit=crop;4d6d0688-e653-4f48-8a4f-770acc0b4c6a;fcce37ba-3373-4182-9d46-0afb5a9d452d;2024-04-29;true
2151417f-bdcd-4c7a-97c1-165350b50eb0;Monitor 24'';Descripciµn de ejemplo para Monitor 24'' en excelente estado.;95,00;bueno;1,64;https://images.unsplash.com/photo-1527443224154-c4a3942d3acf?q=80&w=800&auto=format&fit=crop;4d6d0688-e653-4f48-8a4f-770acc0b4c6a;f8e6aeb7-2616-40ea-ad85-799d54e8a360;2023-09-23;true
c6fbdb31-570e-46f8-9421-0431ed52d2c6;Cuna para bebÕ #238;Descripciµn de ejemplo para Cuna para bebÕ #238 en excelente estado.;70,00;nuevo;5,68;https://images.unsplash.com/photo-1749703827003-8e5046941847?q=80&w=687&auto=format&fit=crop&ixlib=rb-4.1.0&ixid=M3wxMjA3fDB8MHxwaG90by1wYWdlfHx8fGVufDB8fHx8fA%3D%3D;99e49476-3326-4fc0-8395-3c4aa5ebedc9;0b574b63-38aa-4466-9631-1c204614576f;2025-12-16;true
dd329424-634c-471c-a167-6e72e0c7a386;SofÃ de 3 plazas;Descripciµn de ejemplo para SofÃ de 3 plazas en excelente estado.;260,00;nuevo;1,86;https://images.unsplash.com/photo-1555041469-a586c61ea9bc?q=80&w=800&auto=format&fit=crop;99e49476-3326-4fc0-8395-3c4aa5ebedc9;0dc4f615-17f2-48f9-bdd0-2b34a084700b;2024-11-07;true
a6362ea2-976c-4b2d-8f4f-202d2a76b85f;Ordenador portÃtil;Descripciµn de ejemplo para Ordenador portÃtil en excelente estado.;420,00;bueno;8,3;https://images.unsplash.com/photo-1496181133206-80ce9b88a853?q=80&w=800&auto=format&fit=crop;43388e42-6a1e-46fa-b099-2d143202f103;f3d73773-47d1-4f1d-825c-cf7222508d00;2026-01-10;true
7845f7d5-65f4-437c-a447-c8b4a4d9017c;Guitarra acºstica;Descripciµn de ejemplo para Guitarra acºstica en excelente estado.;110,00;bueno;1,56;https://images.unsplash.com/photo-1510915361894-db8b60106cb1?q=80&w=800&auto=format&fit=crop;adc8f222-aa5d-41c5-b1db-8f39e8200b5d;1e750c7e-8c26-4f73-9f1e-371fb29aea09;2023-11-01;true
d1750324-0123-40af-b872-22b9a1b23402;LÃmpara de sobremesa;Descripciµn de ejemplo para LÃmpara de sobremesa en excelente estado.;25,00;aceptable;17,04;https://images.unsplash.com/photo-1585128719715-46776b56a0d1?q=80&w=687&auto=format&fit=crop&ixlib=rb-4.1.0&ixid=M3wxMjA3fDB8MHxwaG90by1wYWdlfHx8fGVufDB8fHx8fA%3D%3D;99e49476-3326-4fc0-8395-3c4aa5ebedc9;585e1e1b-9178-45b4-98bc-83348d202c48;2025-07-20;true
47609652-3281-450d-9d74-41ade56277b0;Bicicleta de montaþa;Descripciµn de ejemplo para Bicicleta de montaþa en excelente estado.;45,00;nuevo;16,1;https://images.unsplash.com/photo-1576435728678-68d0fbf94e91?q=80&w=800&auto=format&fit=crop;9a005a77-331b-484a-8dec-39df4f2e63ed;e9e1e578-d745-40b4-bbfa-2b909a17064e;2026-02-27;true
b839e6cf-2da8-4164-ba7e-4bc6cda17185;Taladro inalÃmbrico;Descripciµn de ejemplo para Taladro inalÃmbrico en excelente estado.;80,00;como nuevo;14,67;https://images.unsplash.com/photo-1504148455328-c376907d081c?q=80&w=800&auto=format&fit=crop;3c9f4130-6efd-455d-884a-dafdaee6a4ff;fcce37ba-3373-4182-9d46-0afb5a9d452d;2024-11-08;true
9ae534cd-98a0-4369-a109-c461f1252b41;Reloj de pulsera #242;Descripciµn de ejemplo para Reloj de pulsera #242 en excelente estado.;75,00;como nuevo;41,1;https://images.unsplash.com/photo-1524592094714-0f0654e20314?q=80&w=800&auto=format&fit=crop;bd572ce9-3394-4310-89f2-5f6f996c391f;749369f7-c9fd-427e-8edf-c706048008f0;2024-05-08;true
d1bf8d89-ca5b-43b4-a975-45b6fa57d174;Taladro inalÃmbrico;Descripciµn de ejemplo para Taladro inalÃmbrico en excelente estado.;65,00;como nuevo;1,25;https://images.unsplash.com/photo-1504148455328-c376907d081c?q=80&w=800&auto=format&fit=crop;3c9f4130-6efd-455d-884a-dafdaee6a4ff;8228a023-6c03-43b8-a41b-608b7fdcf34b;2023-10-03;true
e4936ce2-a4a9-4613-bb4c-a60a54517414;Altavoz portÃtil #685;Descripciµn de ejemplo para Altavoz portÃtil #685 en excelente estado.;35,00;como nuevo;8,92;https://images.unsplash.com/photo-1589003077984-894e133dabab?q=80&w=800&auto=format&fit=crop;4d6d0688-e653-4f48-8a4f-770acc0b4c6a;0dc4f615-17f2-48f9-bdd0-2b34a084700b;2025-01-26;true
915d6233-1181-43fd-8008-2772cea5d706;LÃmpara de sobremesa;Descripciµn de ejemplo para LÃmpara de sobremesa en excelente estado.;30,00;como nuevo;78,25;https://images.unsplash.com/photo-1585128719715-46776b56a0d1?q=80&w=687&auto=format&fit=crop&ixlib=rb-4.1.0&ixid=M3wxMjA3fDB8MHxwaG90by1wYWdlfHx8fGVufDB8fHx8fA%3D%3D;99e49476-3326-4fc0-8395-3c4aa5ebedc9;325d8d0c-4917-4ae3-8dc0-21931359ffdd;2023-12-22;true
f78dca51-f50f-4569-b87a-91381081b129;Guitarra acºstica;Descripciµn de ejemplo para Guitarra acºstica en excelente estado.;200,00;nuevo;13,71;https://images.unsplash.com/photo-1510915361894-db8b60106cb1?q=80&w=800&auto=format&fit=crop;adc8f222-aa5d-41c5-b1db-8f39e8200b5d;749369f7-c9fd-427e-8edf-c706048008f0;2023-09-02;true
68dbfd75-5f34-42e9-ad72-a5e1e2e6c856;LÃmpara de sobremesa;Descripciµn de ejemplo para LÃmpara de sobremesa en excelente estado.;20,00;bueno;1,61;https://images.unsplash.com/photo-1585128719715-46776b56a0d1?q=80&w=687&auto=format&fit=crop&ixlib=rb-4.1.0&ixid=M3wxMjA3fDB8MHxwaG90by1wYWdlfHx8fGVufDB8fHx8fA%3D%3D;99e49476-3326-4fc0-8395-3c4aa5ebedc9;a4cc673a-1774-467b-8f2d-199dca300f6b;2025-09-09;true
92b8b1c5-ea35-4c79-8bd1-6b28f47ec67b;SofÃ de 3 plazas;Descripciµn de ejemplo para SofÃ de 3 plazas en excelente estado.;300,00;aceptable;16,08;https://images.unsplash.com/photo-1555041469-a586c61ea9bc?q=80&w=800&auto=format&fit=crop;99e49476-3326-4fc0-8395-3c4aa5ebedc9;75ce380f-a121-41b8-aa30-c48c9a41fe09;2023-09-09;false
2f5b9bfa-5180-44e9-bf14-e50fe35f766f;Guitarra acºstica;Descripciµn de ejemplo para Guitarra acºstica en excelente estado.;95,00;aceptable;6,57;https://images.unsplash.com/photo-1510915361894-db8b60106cb1?q=80&w=800&auto=format&fit=crop;adc8f222-aa5d-41c5-b1db-8f39e8200b5d;bf02c8a9-867a-484b-8eb6-fdfb569f453a;2025-03-25;false
13e6d072-2a57-4df7-8863-c504daf86d0b;Ordenador portÃtil;Descripciµn de ejemplo para Ordenador portÃtil en excelente estado.;350,00;bueno;1,64;https://images.unsplash.com/photo-1496181133206-80ce9b88a853?q=80&w=800&auto=format&fit=crop;adc8f222-aa5d-41c5-b1db-8f39e8200b5d;68ddd7e7-de65-42f7-92e0-99d862939bf5;2024-12-02;true
1486ad06-db06-4545-8add-4704a9ae3a20;Zapatillas deportivas;Descripciµn de ejemplo para Zapatillas deportivas en excelente estado.;40,00;aceptable;5,62;https://images.unsplash.com/photo-1542291026-7eec264c27ff?q=80&w=800&auto=format&fit=crop;d01811ff-1d64-4878-90c5-b6618112a194;bf02c8a9-867a-484b-8eb6-fdfb569f453a;2024-05-05;true
c99668af-f005-4720-ab25-43cc6cc3d2bf;Zapatillas deportivas #536;Descripciµn de ejemplo para Zapatillas deportivas #536 en excelente estado.;55,00;bueno;6,97;https://images.unsplash.com/photo-1542291026-7eec264c27ff?q=80&w=800&auto=format&fit=crop;d01811ff-1d64-4878-90c5-b6618112a194;f3d73773-47d1-4f1d-825c-cf7222508d00;2024-07-14;true
6ed47bb8-b09b-486d-826c-2d88f5658366;LÃmpara de sobremesa;Descripciµn de ejemplo para LÃmpara de sobremesa en excelente estado.;35,00;aceptable;5,76;https://images.unsplash.com/photo-1585128719715-46776b56a0d1?q=80&w=687&auto=format&fit=crop&ixlib=rb-4.1.0&ixid=M3wxMjA3fDB8MHxwaG90by1wYWdlfHx8fGVufDB8fHx8fA%3D%3D;99e49476-3326-4fc0-8395-3c4aa5ebedc9;f8e6aeb7-2616-40ea-ad85-799d54e8a360;2025-09-09;false
359a5243-e241-4560-b20a-beb8be79fa68;Cuna para bebÕ;Descripciµn de ejemplo para Cuna para bebÕ en excelente estado.;75,00;bueno;5,99;https://images.unsplash.com/photo-1749703827003-8e5046941847?q=80&w=687&auto=format&fit=crop&ixlib=rb-4.1.0&ixid=M3wxMjA3fDB8MHxwaG90by1wYWdlfHx8fGVufDB8fHx8fA%3D%3D;99e49476-3326-4fc0-8395-3c4aa5ebedc9;bb7d59f1-968f-47dc-8f9c-13f6669c0534;2026-02-22;true
c6dd6c91-cdc5-4a40-a1a5-23a30e893d4e;Juego de mesa clÃsico #804;Descripciµn de ejemplo para Juego de mesa clÃsico #804 en excelente estado.;20,00;como nuevo;9,47;https://picsum.photos/seed/c6dd6c91/600/400;43388e42-6a1e-46fa-b099-2d143202f103;bb7d59f1-968f-47dc-8f9c-13f6669c0534;2023-10-31;true
fd1d875f-5ee1-4084-a76c-f191ed21527f;Altavoz portÃtil #909;Descripciµn de ejemplo para Altavoz portÃtil #909 en excelente estado.;45,00;bueno;20,57;https://images.unsplash.com/photo-1589003077984-894e133dabab?q=80&w=800&auto=format&fit=crop;2eeb019f-2fc2-471b-9bb8-b549ebc78b63;ffdbe226-480a-46bf-a9bb-268738b6a4d9;2026-01-15;true
7e251b6e-7296-44fc-af6e-f63e93c8e205;Bicicleta de montaþa;Descripciµn de ejemplo para Bicicleta de montaþa en excelente estado.;110,00;bueno;7,41;https://images.unsplash.com/photo-1576435728678-68d0fbf94e91?q=80&w=800&auto=format&fit=crop;9a005a77-331b-484a-8dec-39df4f2e63ed;31018f8c-1f39-4730-a8b1-bbfe01b134d1;2025-12-24;true
c63d54c1-8f42-4a64-9559-fb220ba5cc11;Monitor 24'';Descripciµn de ejemplo para Monitor 24'' en excelente estado.;90,00;aceptable;4,85;https://images.unsplash.com/photo-1527443224154-c4a3942d3acf?q=80&w=800&auto=format&fit=crop;4d6d0688-e653-4f48-8a4f-770acc0b4c6a;bf02c8a9-867a-484b-8eb6-fdfb569f453a;2025-09-08;true
17ed2f94-8000-465e-b6dc-6f56cde79f1a;Vinilo ediciµn limitada #941;Descripciµn de ejemplo para Vinilo ediciµn limitada #941 en excelente estado.;25,00;como nuevo;6,89;https://images.unsplash.com/photo-1603048588665-791ca8aea617?q=80&w=800&auto=format&fit=crop;adc8f222-aa5d-41c5-b1db-8f39e8200b5d;801e1b2b-cf0e-48a8-9324-18cd3505de93;2025-06-07;true
78a83a6a-14b6-411b-9f19-02f7a29eff54;CÃmara rÕflex #794;Descripciµn de ejemplo para CÃmara rÕflex #794 en excelente estado.;340,00;nuevo;10,51;https://images.unsplash.com/photo-1516035069371-29a1b244cc32?q=80&w=800&auto=format&fit=crop;4d6d0688-e653-4f48-8a4f-770acc0b4c6a;3d0272f2-eca5-4663-ae97-5731f9bf6ffb;2024-02-19;false
2294da1b-2a79-4a3f-a2e4-d9e367071e88;Juego de mesa clÃsico;Descripciµn de ejemplo para Juego de mesa clÃsico en excelente estado.;30,00;aceptable;1,46;https://picsum.photos/seed/2294da1b/600/400;43388e42-6a1e-46fa-b099-2d143202f103;4db8c278-8988-4a14-a77f-4a4aa091d6f8;2023-11-01;false
a0b9e294-8dca-44c7-aa02-269260ba8eab;SofÃ de 3 plazas;Descripciµn de ejemplo para SofÃ de 3 plazas en excelente estado.;240,00;bueno;3,63;https://images.unsplash.com/photo-1555041469-a586c61ea9bc?q=80&w=800&auto=format&fit=crop;99e49476-3326-4fc0-8395-3c4aa5ebedc9;0dc4f615-17f2-48f9-bdd0-2b34a084700b;2025-05-10;true
12529a1d-6e90-408f-bcbf-61b8a34fae3a;Altavoz portÃtil;Descripciµn de ejemplo para Altavoz portÃtil en excelente estado.;35,00;como nuevo;7,42;https://images.unsplash.com/photo-1589003077984-894e133dabab?q=80&w=800&auto=format&fit=crop;2eeb019f-2fc2-471b-9bb8-b549ebc78b63;9ddda517-64e6-489e-8434-58d1a75d9319;2025-12-02;false
62c4b031-16cd-4a0a-b640-5f4d58e3d2bc;Juego de mesa clÃsico #419;Descripciµn de ejemplo para Juego de mesa clÃsico #419 en excelente estado.;60,00;nuevo;1,61;https://picsum.photos/seed/62c4b031/600/400;43388e42-6a1e-46fa-b099-2d143202f103;1e750c7e-8c26-4f73-9f1e-371fb29aea09;2024-02-03;true
3eb66279-18fb-4143-961c-1dc0f607ccbb;Monitor 24'' #666;Descripciµn de ejemplo para Monitor 24'' #666 en excelente estado.;100,00;bueno;4,86;https://images.unsplash.com/photo-1527443224154-c4a3942d3acf?q=80&w=800&auto=format&fit=crop;4d6d0688-e653-4f48-8a4f-770acc0b4c6a;0dc4f615-17f2-48f9-bdd0-2b34a084700b;2025-10-08;true
6b87c061-1a1b-4f6b-8fff-f2271524bf0b;Zapatillas deportivas;Descripciµn de ejemplo para Zapatillas deportivas en excelente estado.;70,00;aceptable;28,1;https://images.unsplash.com/photo-1542291026-7eec264c27ff?q=80&w=800&auto=format&fit=crop;d01811ff-1d64-4878-90c5-b6618112a194;ffdbe226-480a-46bf-a9bb-268738b6a4d9;2024-07-14;true
9255345a-19d9-4bd2-8be7-73ec035a9920;CÃmara compacta;Descripciµn de ejemplo para CÃmara compacta en excelente estado.;85,00;como nuevo;7,79;https://images.unsplash.com/photo-1516035069371-29a1b244cc32?q=80&w=800&auto=format&fit=crop;4d6d0688-e653-4f48-8a4f-770acc0b4c6a;0b574b63-38aa-4466-9631-1c204614576f;2023-12-26;true
4ba42f5b-a097-43a7-a1a2-720db28bdcce;Guitarra acºstica;Descripciµn de ejemplo para Guitarra acºstica en excelente estado.;140,00;aceptable;1,98;https://images.unsplash.com/photo-1510915361894-db8b60106cb1?q=80&w=800&auto=format&fit=crop;adc8f222-aa5d-41c5-b1db-8f39e8200b5d;11b37d13-43ea-42fe-bcd6-20a2e5640a83;2025-05-04;true
57b3639b-15e5-43ab-8d2b-a4047b35d940;Mµvil inteligente #473;Descripciµn de ejemplo para Mµvil inteligente #473 en excelente estado.;80,00;bueno;11,05;https://images.unsplash.com/photo-1511707171634-5f897ff02aa9?q=80&w=800&auto=format&fit=crop;4d6d0688-e653-4f48-8a4f-770acc0b4c6a;1e750c7e-8c26-4f73-9f1e-371fb29aea09;2024-08-11;true
15290439-bfba-43f4-b2ca-706f810720ea;CÃmara rÕflex;Descripciµn de ejemplo para CÃmara rÕflex en excelente estado.;150,00;como nuevo;1,38;https://images.unsplash.com/photo-1516035069371-29a1b244cc32?q=80&w=800&auto=format&fit=crop;4d6d0688-e653-4f48-8a4f-770acc0b4c6a;f3d73773-47d1-4f1d-825c-cf7222508d00;2024-10-02;true
6775b225-405e-4b49-b04e-e19de91ab78e;Mµvil inteligente;Descripciµn de ejemplo para Mµvil inteligente en excelente estado.;90,00;como nuevo;3,16;https://images.unsplash.com/photo-1511707171634-5f897ff02aa9?q=80&w=800&auto=format&fit=crop;4d6d0688-e653-4f48-8a4f-770acc0b4c6a;bf02c8a9-867a-484b-8eb6-fdfb569f453a;2023-10-22;false
a9f7b23c-e90d-4bb3-8bcc-ff43dec9c4e7;Guitarra acºstica #188;Descripciµn de ejemplo para Guitarra acºstica #188 en excelente estado.;120,00;bueno;8,02;https://images.unsplash.com/photo-1510915361894-db8b60106cb1?q=80&w=800&auto=format&fit=crop;adc8f222-aa5d-41c5-b1db-8f39e8200b5d;f8e6aeb7-2616-40ea-ad85-799d54e8a360;2024-05-12;false
ef908a18-9908-442c-bfd7-24fe3c65f3ca;Zapatillas deportivas #489;Descripciµn de ejemplo para Zapatillas deportivas #489 en excelente estado.;75,00;como nuevo;4,78;https://images.unsplash.com/photo-1542291026-7eec264c27ff?q=80&w=800&auto=format&fit=crop;d01811ff-1d64-4878-90c5-b6618112a194;1e750c7e-8c26-4f73-9f1e-371fb29aea09;2024-12-20;true
4de40efa-44d6-409f-8c88-b26d484f6944;Mµvil inteligente;Descripciµn de ejemplo para Mµvil inteligente en excelente estado.;65,00;aceptable;4,93;https://images.unsplash.com/photo-1511707171634-5f897ff02aa9?q=80&w=800&auto=format&fit=crop;4d6d0688-e653-4f48-8a4f-770acc0b4c6a;1e750c7e-8c26-4f73-9f1e-371fb29aea09;2025-12-08;true
bb5df37d-826c-45fd-82cd-33b27efe9160;Mochila de senderismo #502;Descripciµn de ejemplo para Mochila de senderismo #502 en excelente estado.;45,00;aceptable;49,37;https://images.unsplash.com/photo-1551632811-561732d1e306?q=80&w=800&auto=format&fit=crop;9a005a77-331b-484a-8dec-39df4f2e63ed;a4cc673a-1774-467b-8f2d-199dca300f6b;2023-10-30;true
bf84eb4a-1537-410a-87c2-9fa07c8f330a;Reloj de pulsera;Descripciµn de ejemplo para Reloj de pulsera en excelente estado.;110,00;como nuevo;59,74;https://images.unsplash.com/photo-1524592094714-0f0654e20314?q=80&w=800&auto=format&fit=crop;bd572ce9-3394-4310-89f2-5f6f996c391f;bb7d59f1-968f-47dc-8f9c-13f6669c0534;2023-06-14;false
744b7a5e-991e-4aeb-8ab1-f8531325cfdc;Auriculares Bluetooth;Descripciµn de ejemplo para Auriculares Bluetooth en excelente estado.;60,00;como nuevo;12,51;https://images.unsplash.com/photo-1505740420928-5e560c06d30e?q=80&w=800&auto=format&fit=crop;4d6d0688-e653-4f48-8a4f-770acc0b4c6a;0dc4f615-17f2-48f9-bdd0-2b34a084700b;2024-04-09;false
58c05ad1-1bd9-4b10-a7b2-e6f97ced4a53;CÃmara rÕflex #721;Descripciµn de ejemplo para CÃmara rÕflex #721 en excelente estado.;310,00;como nuevo;11,51;https://images.unsplash.com/photo-1516035069371-29a1b244cc32?q=80&w=800&auto=format&fit=crop;4d6d0688-e653-4f48-8a4f-770acc0b4c6a;749369f7-c9fd-427e-8edf-c706048008f0;2024-02-26;true
948fecac-5f64-400c-bb11-c7620a90b915;SofÃ de 3 plazas;Descripciµn de ejemplo para SofÃ de 3 plazas en excelente estado.;200,00;bueno;46,81;https://images.unsplash.com/photo-1555041469-a586c61ea9bc?q=80&w=800&auto=format&fit=crop;99e49476-3326-4fc0-8395-3c4aa5ebedc9;801e1b2b-cf0e-48a8-9324-18cd3505de93;2024-08-19;false
c18069f3-533d-4594-b74a-ad16155dcc81;CÃmara de acciµn;Descripciµn de ejemplo para CÃmara de acciµn en excelente estado.;45,00;bueno;1,59;https://images.unsplash.com/photo-1516035069371-29a1b244cc32?q=80&w=800&auto=format&fit=crop;4d6d0688-e653-4f48-8a4f-770acc0b4c6a;bb7d59f1-968f-47dc-8f9c-13f6669c0534;2025-11-14;false
1ac278e7-5d99-4865-81b4-7fd3474645d7;Chaqueta de invierno #450;Descripciµn de ejemplo para Chaqueta de invierno #450 en excelente estado.;130,00;como nuevo;28,59;https://picsum.photos/seed/1ac278e7/600/400;d01811ff-1d64-4878-90c5-b6618112a194;325d8d0c-4917-4ae3-8dc0-21931359ffdd;2025-10-14;false
fa87438a-a9c5-4e15-af7f-80c73fff3beb;LÃmpara de sobremesa #831;Descripciµn de ejemplo para LÃmpara de sobremesa #831 en excelente estado.;70,00;bueno;1,72;https://images.unsplash.com/photo-1585128719715-46776b56a0d1?q=80&w=687&auto=format&fit=crop&ixlib=rb-4.1.0&ixid=M3wxMjA3fDB8MHxwaG90by1wYWdlfHx8fGVufDB8fHx8fA%3D%3D;99e49476-3326-4fc0-8395-3c4aa5ebedc9;bb7d59f1-968f-47dc-8f9c-13f6669c0534;2026-01-19;false
5f486a5d-2456-4fea-9273-2f3193b8d6c5;Monitor 24'' #584;Descripciµn de ejemplo para Monitor 24'' #584 en excelente estado.;150,00;bueno;49,32;https://images.unsplash.com/photo-1527443224154-c4a3942d3acf?q=80&w=800&auto=format&fit=crop;4d6d0688-e653-4f48-8a4f-770acc0b4c6a;325d8d0c-4917-4ae3-8dc0-21931359ffdd;2024-10-19;true
c61c7ac2-d837-4316-bc84-abc05ee6f4f3;Cuna para bebÕ;Descripciµn de ejemplo para Cuna para bebÕ en excelente estado.;80,00;aceptable;2,94;https://images.unsplash.com/photo-1749703827003-8e5046941847?q=80&w=687&auto=format&fit=crop&ixlib=rb-4.1.0&ixid=M3wxMjA3fDB8MHxwaG90by1wYWdlfHx8fGVufDB8fHx8fA%3D%3D;99e49476-3326-4fc0-8395-3c4aa5ebedc9;16bdb74c-e68b-459b-b180-67a87b52416f;2024-04-29;true
be2d7941-8f58-441e-bb93-48656679ccae;Juego de mesa clÃsico #301;Descripciµn de ejemplo para Juego de mesa clÃsico #301 en excelente estado.;95,00;aceptable;12,88;https://picsum.photos/seed/be2d7941/600/400;43388e42-6a1e-46fa-b099-2d143202f103;325d8d0c-4917-4ae3-8dc0-21931359ffdd;2025-06-03;true
cc1aabc6-8d37-43e8-99ce-8a8a8de0bb46;LÃmpara de sobremesa;Descripciµn de ejemplo para LÃmpara de sobremesa en excelente estado.;35,00;como nuevo;57,06;https://images.unsplash.com/photo-1585128719715-46776b56a0d1?q=80&w=687&auto=format&fit=crop&ixlib=rb-4.1.0&ixid=M3wxMjA3fDB8MHxwaG90by1wYWdlfHx8fGVufDB8fHx8fA%3D%3D;99e49476-3326-4fc0-8395-3c4aa5ebedc9;e5b4dbf0-f44a-4a75-b48d-1e331946992b;2023-12-04;true
0da72fb9-1317-4a79-a897-6106833452bd;Cuna para bebÕ #87;Descripciµn de ejemplo para Cuna para bebÕ #87 en excelente estado.;85,00;nuevo;75,47;https://images.unsplash.com/photo-1749703827003-8e5046941847?q=80&w=687&auto=format&fit=crop&ixlib=rb-4.1.0&ixid=M3wxMjA3fDB8MHxwaG90by1wYWdlfHx8fGVufDB8fHx8fA%3D%3D;99e49476-3326-4fc0-8395-3c4aa5ebedc9;e9e1e578-d745-40b4-bbfa-2b909a17064e;2024-08-29;true
6f5c2893-099c-4e33-a1ee-37224c76a31b;Vinilo ediciµn limitada;Descripciµn de ejemplo para Vinilo ediciµn limitada en excelente estado.;20,00;como nuevo;1,86;https://images.unsplash.com/photo-1603048588665-791ca8aea617?q=80&w=800&auto=format&fit=crop;43388e42-6a1e-46fa-b099-2d143202f103;31018f8c-1f39-4730-a8b1-bbfe01b134d1;2024-09-09;true
d4c1e708-d835-49b1-8125-c4573a79fdcf;CÃmara de acciµn;Descripciµn de ejemplo para CÃmara de acciµn en excelente estado.;18,00;bueno;2,93;https://images.unsplash.com/photo-1516035069371-29a1b244cc32?q=80&w=800&auto=format&fit=crop;4d6d0688-e653-4f48-8a4f-770acc0b4c6a;e5b4dbf0-f44a-4a75-b48d-1e331946992b;2024-12-02;true
e8d22b3b-b1e1-4819-9556-1fb5ea97fd6f;LÃmpara de sobremesa;Descripciµn de ejemplo para LÃmpara de sobremesa en excelente estado.;140,00;bueno;1,51;https://images.unsplash.com/photo-1585128719715-46776b56a0d1?q=80&w=687&auto=format&fit=crop&ixlib=rb-4.1.0&ixid=M3wxMjA3fDB8MHxwaG90by1wYWdlfHx8fGVufDB8fHx8fA%3D%3D;99e49476-3326-4fc0-8395-3c4aa5ebedc9;325d8d0c-4917-4ae3-8dc0-21931359ffdd;2025-12-25;true
6e35d434-4d6b-4f7f-ad48-aa1b74b33641;Mµvil inteligente;Descripciµn de ejemplo para Mµvil inteligente en excelente estado.;200,00;bueno;3,76;https://images.unsplash.com/photo-1511707171634-5f897ff02aa9?q=80&w=800&auto=format&fit=crop;4d6d0688-e653-4f48-8a4f-770acc0b4c6a;31018f8c-1f39-4730-a8b1-bbfe01b134d1;2024-10-27;false
d02c6957-3be2-4781-9b00-31997a76817e;LÃmpara de sobremesa;Descripciµn de ejemplo para LÃmpara de sobremesa en excelente estado.;70,00;aceptable;8,16;https://images.unsplash.com/photo-1585128719715-46776b56a0d1?q=80&w=687&auto=format&fit=crop&ixlib=rb-4.1.0&ixid=M3wxMjA3fDB8MHxwaG90by1wYWdlfHx8fGVufDB8fHx8fA%3D%3D;99e49476-3326-4fc0-8395-3c4aa5ebedc9;bb7d59f1-968f-47dc-8f9c-13f6669c0534;2025-09-25;true
c3c7e350-c31e-41fb-9056-4b83d8d84010;CÃmara de acciµn;Descripciµn de ejemplo para CÃmara de acciµn en excelente estado.;40,00;aceptable;2,36;https://images.unsplash.com/photo-1516035069371-29a1b244cc32?q=80&w=800&auto=format&fit=crop;4d6d0688-e653-4f48-8a4f-770acc0b4c6a;ffdbe226-480a-46bf-a9bb-268738b6a4d9;2024-06-04;false
b17350ff-e18b-4960-815a-d321cf9540a8;Guitarra acºstica;Descripciµn de ejemplo para Guitarra acºstica en excelente estado.;220,00;nuevo;30,72;https://images.unsplash.com/photo-1510915361894-db8b60106cb1?q=80&w=800&auto=format&fit=crop;adc8f222-aa5d-41c5-b1db-8f39e8200b5d;e9e1e578-d745-40b4-bbfa-2b909a17064e;2024-06-19;true
1121cce8-81ec-45d9-9ab2-9893d9b3a144;Ordenador portÃtil #206;Descripciµn de ejemplo para Ordenador portÃtil #206 en excelente estado.;380,00;como nuevo;0,92;https://images.unsplash.com/photo-1496181133206-80ce9b88a853?q=80&w=800&auto=format&fit=crop;4d6d0688-e653-4f48-8a4f-770acc0b4c6a;fcce37ba-3373-4182-9d46-0afb5a9d452d;2024-12-23;true
d76c38e1-fe29-42d7-8ab9-cca3157d406b;Ordenador portÃtil;Descripciµn de ejemplo para Ordenador portÃtil en excelente estado.;25,00;nuevo;26,55;https://images.unsplash.com/photo-1496181133206-80ce9b88a853?q=80&w=800&auto=format&fit=crop;bd572ce9-3394-4310-89f2-5f6f996c391f;fcce37ba-3373-4182-9d46-0afb5a9d452d;2024-12-29;true
2b0a984a-83df-44c6-948b-8c74e37eaf78;Mochila de senderismo #215;Descripciµn de ejemplo para Mochila de senderismo #215 en excelente estado.;120,00;como nuevo;5;https://images.unsplash.com/photo-1551632811-561732d1e306?q=80&w=800&auto=format&fit=crop;9a005a77-331b-484a-8dec-39df4f2e63ed;8d4a9c90-ea86-436c-b41e-117278d3f733;2023-07-31;true
c50b3297-33c9-41e3-ab82-5bd9e5bde860;Mesa de comedor;Descripciµn de ejemplo para Mesa de comedor en excelente estado.;310,00;bueno;5,58;https://images.unsplash.com/photo-1577140917170-285929fb55b7?q=80&w=800&auto=format&fit=crop;99e49476-3326-4fc0-8395-3c4aa5ebedc9;1e750c7e-8c26-4f73-9f1e-371fb29aea09;2025-01-07;false
1496fe54-40ed-4a0b-aed9-e30b912c9302;CÃmara rÕflex;Descripciµn de ejemplo para CÃmara rÕflex en excelente estado.;85,00;aceptable;7,75;https://images.unsplash.com/photo-1516035069371-29a1b244cc32?q=80&w=800&auto=format&fit=crop;4d6d0688-e653-4f48-8a4f-770acc0b4c6a;3d0272f2-eca5-4663-ae97-5731f9bf6ffb;2025-06-19;true
ec8da0f5-10b6-416f-a4c6-c2be6a727d6c;Monitor 24'';Descripciµn de ejemplo para Monitor 24'' en excelente estado.;95,00;nuevo;7,63;https://images.unsplash.com/photo-1527443224154-c4a3942d3acf?q=80&w=800&auto=format&fit=crop;4d6d0688-e653-4f48-8a4f-770acc0b4c6a;ffdbe226-480a-46bf-a9bb-268738b6a4d9;2025-01-21;true
ff097b0f-3361-4884-b7af-691e77bb3ee2;Auriculares Bluetooth;Descripciµn de ejemplo para Auriculares Bluetooth en excelente estado.;65,00;bueno;5,71;https://images.unsplash.com/photo-1505740420928-5e560c06d30e?q=80&w=800&auto=format&fit=crop;4d6d0688-e653-4f48-8a4f-770acc0b4c6a;cf5826ce-8820-476d-91d1-b8c7ff036e4b;2023-10-18;true
50823be1-c161-4057-af56-9e344cc72141;Mµvil inteligente;Descripciµn de ejemplo para Mµvil inteligente en excelente estado.;150,00;nuevo;1,96;https://images.unsplash.com/photo-1511707171634-5f897ff02aa9?q=80&w=800&auto=format&fit=crop;4d6d0688-e653-4f48-8a4f-770acc0b4c6a;585e1e1b-9178-45b4-98bc-83348d202c48;2025-01-03;true
611383dc-1e05-46a2-aa87-46fe06a99d26;Vinilo ediciµn limitada;Descripciµn de ejemplo para Vinilo ediciµn limitada en excelente estado.;18,00;aceptable;3,9;https://images.unsplash.com/photo-1603048588665-791ca8aea617?q=80&w=800&auto=format&fit=crop;d01811ff-1d64-4878-90c5-b6618112a194;1c7387b8-3d2b-468d-8b19-e2406e40ec2b;2026-02-20;false
881923e2-b6b2-4506-b943-4b51ce7546f5;CÃmara compacta #408;Descripciµn de ejemplo para CÃmara compacta #408 en excelente estado.;60,00;aceptable;6,7;https://images.unsplash.com/photo-1516035069371-29a1b244cc32?q=80&w=800&auto=format&fit=crop;4d6d0688-e653-4f48-8a4f-770acc0b4c6a;899bb643-efc2-4e5d-8247-f2eb1ad1065e;2024-10-05;false
6a1e6194-0a36-4ec3-9cbb-3b8c9495e016;CÃmara de acciµn;Descripciµn de ejemplo para CÃmara de acciµn en excelente estado.;40,00;nuevo;9,75;https://images.unsplash.com/photo-1516035069371-29a1b244cc32?q=80&w=800&auto=format&fit=crop;4d6d0688-e653-4f48-8a4f-770acc0b4c6a;f3d73773-47d1-4f1d-825c-cf7222508d00;2025-10-03;false
56239c21-3daf-487f-b93e-f8838f344470;Monitor 24'';Descripciµn de ejemplo para Monitor 24'' en excelente estado.;85,00;como nuevo;6,94;https://images.unsplash.com/photo-1527443224154-c4a3942d3acf?q=80&w=800&auto=format&fit=crop;4d6d0688-e653-4f48-8a4f-770acc0b4c6a;bb7d59f1-968f-47dc-8f9c-13f6669c0534;2025-04-16;true
459df077-f302-43b4-8873-8268c36d1567;LÃmpara de sobremesa;Descripciµn de ejemplo para LÃmpara de sobremesa en excelente estado.;55,00;como nuevo;1,66;https://images.unsplash.com/photo-1585128719715-46776b56a0d1?q=80&w=687&auto=format&fit=crop&ixlib=rb-4.1.0&ixid=M3wxMjA3fDB8MHxwaG90by1wYWdlfHx8fGVufDB8fHx8fA%3D%3D;99e49476-3326-4fc0-8395-3c4aa5ebedc9;8d4a9c90-ea86-436c-b41e-117278d3f733;2023-12-21;false
3441bd6c-869a-4706-8331-106196d55d0d;Altavoz portÃtil;Descripciµn de ejemplo para Altavoz portÃtil en excelente estado.;35,00;como nuevo;6,15;https://images.unsplash.com/photo-1589003077984-894e133dabab?q=80&w=800&auto=format&fit=crop;2eeb019f-2fc2-471b-9bb8-b549ebc78b63;f8e6aeb7-2616-40ea-ad85-799d54e8a360;2024-06-06;false
8d6010e1-ccba-472d-bdf1-23b077aad898;Taladro inalÃmbrico #950;Descripciµn de ejemplo para Taladro inalÃmbrico #950 en excelente estado.;30,00;como nuevo;7,71;https://images.unsplash.com/photo-1504148455328-c376907d081c?q=80&w=800&auto=format&fit=crop;3c9f4130-6efd-455d-884a-dafdaee6a4ff;585e1e1b-9178-45b4-98bc-83348d202c48;2023-07-29;true
69b6dd66-e852-4979-be03-f810be22a057;LÃmpara de sobremesa #860;Descripciµn de ejemplo para LÃmpara de sobremesa #860 en excelente estado.;120,00;como nuevo;3,12;https://images.unsplash.com/photo-1585128719715-46776b56a0d1?q=80&w=687&auto=format&fit=crop&ixlib=rb-4.1.0&ixid=M3wxMjA3fDB8MHxwaG90by1wYWdlfHx8fGVufDB8fHx8fA%3D%3D;99e49476-3326-4fc0-8395-3c4aa5ebedc9;1e750c7e-8c26-4f73-9f1e-371fb29aea09;2025-12-15;false
809d2fec-a8fc-438e-b438-f97a64944314;Zapatillas deportivas #689;Descripciµn de ejemplo para Zapatillas deportivas #689 en excelente estado.;75,00;bueno;6;https://images.unsplash.com/photo-1542291026-7eec264c27ff?q=80&w=800&auto=format&fit=crop;d01811ff-1d64-4878-90c5-b6618112a194;4db8c278-8988-4a14-a77f-4a4aa091d6f8;2024-08-28;false
95e4dd27-80e0-422c-8eb3-24d64fa56062;Cuna para bebÕ;Descripciµn de ejemplo para Cuna para bebÕ en excelente estado.;90,00;aceptable;59,56;https://images.unsplash.com/photo-1749703827003-8e5046941847?q=80&w=687&auto=format&fit=crop&ixlib=rb-4.1.0&ixid=M3wxMjA3fDB8MHxwaG90by1wYWdlfHx8fGVufDB8fHx8fA%3D%3D;99e49476-3326-4fc0-8395-3c4aa5ebedc9;9ddda517-64e6-489e-8434-58d1a75d9319;2025-11-03;true
49a73202-5df5-4f12-81d1-7d6610367ac6;Mochila de senderismo;Descripciµn de ejemplo para Mochila de senderismo en excelente estado.;70,00;bueno;1,85;https://images.unsplash.com/photo-1551632811-561732d1e306?q=80&w=800&auto=format&fit=crop;9a005a77-331b-484a-8dec-39df4f2e63ed;cf5826ce-8820-476d-91d1-b8c7ff036e4b;2025-03-18;true
4fd86a18-80e7-4990-8fd9-19fd34137dec;Mµvil inteligente;Descripciµn de ejemplo para Mµvil inteligente en excelente estado.;60,00;aceptable;5,08;https://images.unsplash.com/photo-1511707171634-5f897ff02aa9?q=80&w=800&auto=format&fit=crop;4d6d0688-e653-4f48-8a4f-770acc0b4c6a;e5b4dbf0-f44a-4a75-b48d-1e331946992b;2024-08-29;false
af2c495f-83c8-49cc-b48e-6d6d50ee5946;Mµvil inteligente #384;Descripciµn de ejemplo para Mµvil inteligente #384 en excelente estado.;35,00;nuevo;8,5;https://images.unsplash.com/photo-1511707171634-5f897ff02aa9?q=80&w=800&auto=format&fit=crop;4d6d0688-e653-4f48-8a4f-770acc0b4c6a;8228a023-6c03-43b8-a41b-608b7fdcf34b;2023-09-30;true
5d11e8e5-1723-4780-921a-b13d92fcc5a3;Monitor 24'';Descripciµn de ejemplo para Monitor 24'' en excelente estado.;80,00;bueno;9,62;https://images.unsplash.com/photo-1527443224154-c4a3942d3acf?q=80&w=800&auto=format&fit=crop;4d6d0688-e653-4f48-8a4f-770acc0b4c6a;fcce37ba-3373-4182-9d46-0afb5a9d452d;2024-08-24;true
adca5e04-5a0e-400a-9ca0-26322f24e3d8;SofÃ de 3 plazas #835;Descripciµn de ejemplo para SofÃ de 3 plazas #835 en excelente estado.;20,00;como nuevo;1,58;https://images.unsplash.com/photo-1555041469-a586c61ea9bc?q=80&w=800&auto=format&fit=crop;99e49476-3326-4fc0-8395-3c4aa5ebedc9;325d8d0c-4917-4ae3-8dc0-21931359ffdd;2026-01-19;true
b063a4da-24b5-4169-b6c4-5da3e5d4a620;Mochila de senderismo;Descripciµn de ejemplo para Mochila de senderismo en excelente estado.;210,00;bueno;1,46;https://images.unsplash.com/photo-1551632811-561732d1e306?q=80&w=800&auto=format&fit=crop;9a005a77-331b-484a-8dec-39df4f2e63ed;11b37d13-43ea-42fe-bcd6-20a2e5640a83;2024-03-08;false
9702980d-01a5-4d3d-b380-49a15877075d;Altavoz portÃtil #570;Descripciµn de ejemplo para Altavoz portÃtil #570 en excelente estado.;45,00;como nuevo;15,32;https://images.unsplash.com/photo-1589003077984-894e133dabab?q=80&w=800&auto=format&fit=crop;9a005a77-331b-484a-8dec-39df4f2e63ed;1c7387b8-3d2b-468d-8b19-e2406e40ec2b;2024-05-25;true
bb56a6fd-1847-408c-ad76-7fc2d1cd859c;SofÃ de 3 plazas;Descripciµn de ejemplo para SofÃ de 3 plazas en excelente estado.;40,00;bueno;8,04;https://images.unsplash.com/photo-1555041469-a586c61ea9bc?q=80&w=800&auto=format&fit=crop;99e49476-3326-4fc0-8395-3c4aa5ebedc9;3d0272f2-eca5-4663-ae97-5731f9bf6ffb;2023-07-14;true
51f2a58e-899b-43e2-b75b-54cf894ae70d;Reloj de pulsera;Descripciµn de ejemplo para Reloj de pulsera en excelente estado.;30,00;aceptable;32,63;https://images.unsplash.com/photo-1524592094714-0f0654e20314?q=80&w=800&auto=format&fit=crop;bd572ce9-3394-4310-89f2-5f6f996c391f;749369f7-c9fd-427e-8edf-c706048008f0;2023-07-11;false
f1f280b6-2781-44f0-ba35-b5178f11d31c;Altavoz portÃtil #405;Descripciµn de ejemplo para Altavoz portÃtil #405 en excelente estado.;260,00;bueno;8,75;https://images.unsplash.com/photo-1589003077984-894e133dabab?q=80&w=800&auto=format&fit=crop;43388e42-6a1e-46fa-b099-2d143202f103;bb7d59f1-968f-47dc-8f9c-13f6669c0534;2025-08-09;true
b1a23ab2-011a-4d6e-a539-102c89a0b009;Mochila de senderismo;Descripciµn de ejemplo para Mochila de senderismo en excelente estado.;60,00;bueno;7,98;https://images.unsplash.com/photo-1551632811-561732d1e306?q=80&w=800&auto=format&fit=crop;9a005a77-331b-484a-8dec-39df4f2e63ed;bf02c8a9-867a-484b-8eb6-fdfb569f453a;2024-02-11;true
50de6839-ba50-4f7a-88d9-2baeae7e54c4;TrÚpode;Descripciµn de ejemplo para TrÚpode en excelente estado.;25,00;bueno;9,03;https://images.unsplash.com/photo-1594147216879-97803adfb44d?q=80&w=687&auto=format&fit=crop&ixlib=rb-4.1.0&ixid=M3wxMjA3fDB8MHxwaG90by1wYWdlfHx8fGVufDB8fHx8fA%3D%3D;43388e42-6a1e-46fa-b099-2d143202f103;e5b4dbf0-f44a-4a75-b48d-1e331946992b;2025-08-15;false
50d5a83a-f902-4cdb-a6b2-fc33f015af3e;CÃmara rÕflex;Descripciµn de ejemplo para CÃmara rÕflex en excelente estado.;180,00;bueno;14,99;https://images.unsplash.com/photo-1516035069371-29a1b244cc32?q=80&w=800&auto=format&fit=crop;4d6d0688-e653-4f48-8a4f-770acc0b4c6a;ffdbe226-480a-46bf-a9bb-268738b6a4d9;2024-10-17;true
3a4ad6cf-e2c9-48e6-a30e-7d6439d89765;Guitarra acºstica #165;Descripciµn de ejemplo para Guitarra acºstica #165 en excelente estado.;50,00;como nuevo;19,09;https://images.unsplash.com/photo-1510915361894-db8b60106cb1?q=80&w=800&auto=format&fit=crop;adc8f222-aa5d-41c5-b1db-8f39e8200b5d;801e1b2b-cf0e-48a8-9324-18cd3505de93;2024-02-04;false
cce08826-8be5-4edd-8338-76c9c6769431;CÃmara rÕflex #715;Descripciµn de ejemplo para CÃmara rÕflex #715 en excelente estado.;70,00;bueno;20,46;https://images.unsplash.com/photo-1516035069371-29a1b244cc32?q=80&w=800&auto=format&fit=crop;4d6d0688-e653-4f48-8a4f-770acc0b4c6a;bb7d59f1-968f-47dc-8f9c-13f6669c0534;2025-05-18;false
cdae0dce-72a8-4a87-b9be-59df9ae89858;Bicicleta de montaþa #484;Descripciµn de ejemplo para Bicicleta de montaþa #484 en excelente estado.;40,00;aceptable;2,63;https://images.unsplash.com/photo-1576435728678-68d0fbf94e91?q=80&w=800&auto=format&fit=crop;9a005a77-331b-484a-8dec-39df4f2e63ed;75ce380f-a121-41b8-aa30-c48c9a41fe09;2024-12-31;false
871539bd-3661-455c-a9e2-dd7ff965d324;Vinilo ediciµn limitada;Descripciµn de ejemplo para Vinilo ediciµn limitada en excelente estado.;90,00;nuevo;10,22;https://images.unsplash.com/photo-1603048588665-791ca8aea617?q=80&w=800&auto=format&fit=crop;43388e42-6a1e-46fa-b099-2d143202f103;75ce380f-a121-41b8-aa30-c48c9a41fe09;2023-11-09;true
8c478dba-e6d6-4623-b0f7-f156919ba490;Guitarra acºstica;Descripciµn de ejemplo para Guitarra acºstica en excelente estado.;85,00;bueno;1;https://images.unsplash.com/photo-1510915361894-db8b60106cb1?q=80&w=800&auto=format&fit=crop;adc8f222-aa5d-41c5-b1db-8f39e8200b5d;e5b4dbf0-f44a-4a75-b48d-1e331946992b;2025-11-08;true
009fad0b-1e03-4a22-8f53-4224a7d0472b;Set de ollas;Descripciµn de ejemplo para Set de ollas en excelente estado.;320,00;nuevo;43,55;https://images.unsplash.com/photo-1604414499020-f9ac575bc5ec?q=80&w=687&auto=format&fit=crop&ixlib=rb-4.1.0&ixid=M3wxMjA3fDB8MHxwaG90by1wYWdlfHx8fGVufDB8fHx8fA%3D%3D;99e49476-3326-4fc0-8395-3c4aa5ebedc9;31018f8c-1f39-4730-a8b1-bbfe01b134d1;2025-11-05;true
7848e432-2635-47a2-87ff-e0c754dd4582;CÃmara rÕflex #623;Descripciµn de ejemplo para CÃmara rÕflex #623 en excelente estado.;55,00;como nuevo;7,16;https://images.unsplash.com/photo-1516035069371-29a1b244cc32?q=80&w=800&auto=format&fit=crop;4d6d0688-e653-4f48-8a4f-770acc0b4c6a;75ce380f-a121-41b8-aa30-c48c9a41fe09;2025-03-02;true
42f43931-d301-4911-abce-c0c829510534;SofÃ de 3 plazas;Descripciµn de ejemplo para SofÃ de 3 plazas en excelente estado.;150,00;como nuevo;11,32;https://images.unsplash.com/photo-1555041469-a586c61ea9bc?q=80&w=800&auto=format&fit=crop;99e49476-3326-4fc0-8395-3c4aa5ebedc9;bc7a7e6a-c405-466b-8545-d5dba6beb9f3;2023-11-29;true
99bec2c1-bb96-401f-92c9-cb17213e5ff9;TrÚpode;Descripciµn de ejemplo para TrÚpode en excelente estado.;180,00;como nuevo;14,72;https://images.unsplash.com/photo-1594147216879-97803adfb44d?q=80&w=687&auto=format&fit=crop&ixlib=rb-4.1.0&ixid=M3wxMjA3fDB8MHxwaG90by1wYWdlfHx8fGVufDB8fHx8fA%3D%3D;adc8f222-aa5d-41c5-b1db-8f39e8200b5d;ffdbe226-480a-46bf-a9bb-268738b6a4d9;2025-09-11;false
0ce3b7a4-2fae-44e3-a819-f9fa63b7fd75;Juego de mesa clÃsico;Descripciµn de ejemplo para Juego de mesa clÃsico en excelente estado.;15,00;como nuevo;9,26;https://picsum.photos/seed/0ce3b7a4/600/400;43388e42-6a1e-46fa-b099-2d143202f103;0b574b63-38aa-4466-9631-1c204614576f;2024-07-18;true
4a227803-117f-4726-b84c-07298bdd3faf;Taladro inalÃmbrico;Descripciµn de ejemplo para Taladro inalÃmbrico en excelente estado.;65,00;aceptable;11,84;https://images.unsplash.com/photo-1504148455328-c376907d081c?q=80&w=800&auto=format&fit=crop;3c9f4130-6efd-455d-884a-dafdaee6a4ff;0b574b63-38aa-4466-9631-1c204614576f;2023-07-24;true
d3ace708-20d7-4ef2-a19d-ee03b93a7c10;Altavoz portÃtil #313;Descripciµn de ejemplo para Altavoz portÃtil #313 en excelente estado.;18,00;bueno;11,16;https://images.unsplash.com/photo-1589003077984-894e133dabab?q=80&w=800&auto=format&fit=crop;84be2a29-bc38-4612-861d-2df9fa9552ec;75ce380f-a121-41b8-aa30-c48c9a41fe09;2023-12-29;false
77151d6f-ce60-4d76-85b9-2d2c6fc2dc7b;Mµvil inteligente;Descripciµn de ejemplo para Mµvil inteligente en excelente estado.;160,00;aceptable;1,73;https://images.unsplash.com/photo-1511707171634-5f897ff02aa9?q=80&w=800&auto=format&fit=crop;4d6d0688-e653-4f48-8a4f-770acc0b4c6a;16bdb74c-e68b-459b-b180-67a87b52416f;2025-02-20;true
b6507985-f7d9-425e-bd8f-552b7bb2f74d;Set de ollas;Descripciµn de ejemplo para Set de ollas en excelente estado.;45,00;bueno;4,51;https://images.unsplash.com/photo-1604414499020-f9ac575bc5ec?q=80&w=687&auto=format&fit=crop&ixlib=rb-4.1.0&ixid=M3wxMjA3fDB8MHxwaG90by1wYWdlfHx8fGVufDB8fHx8fA%3D%3D;99e49476-3326-4fc0-8395-3c4aa5ebedc9;f8e6aeb7-2616-40ea-ad85-799d54e8a360;2023-10-28;true
cb58bb44-9066-4d16-9b39-5422de79c776;Zapatillas deportivas;Descripciµn de ejemplo para Zapatillas deportivas en excelente estado.;40,00;aceptable;9,68;https://images.unsplash.com/photo-1542291026-7eec264c27ff?q=80&w=800&auto=format&fit=crop;d01811ff-1d64-4878-90c5-b6618112a194;bb7d59f1-968f-47dc-8f9c-13f6669c0534;2024-09-17;true
99832231-8867-4817-8255-aef9b06b9b57;Mµvil inteligente #714;Descripciµn de ejemplo para Mµvil inteligente #714 en excelente estado.;85,00;nuevo;1,04;https://images.unsplash.com/photo-1511707171634-5f897ff02aa9?q=80&w=800&auto=format&fit=crop;4d6d0688-e653-4f48-8a4f-770acc0b4c6a;bb7d59f1-968f-47dc-8f9c-13f6669c0534;2023-06-28;true
a036782b-9662-4506-a714-bf4b83f9d521;Bicicleta de montaþa;Descripciµn de ejemplo para Bicicleta de montaþa en excelente estado.;280,00;bueno;77;https://images.unsplash.com/photo-1576435728678-68d0fbf94e91?q=80&w=800&auto=format&fit=crop;9a005a77-331b-484a-8dec-39df4f2e63ed;8d4a9c90-ea86-436c-b41e-117278d3f733;2025-02-07;false
5fcfb1e2-1562-4788-ba7f-72cc20a344a2;Guitarra acºstica #300;Descripciµn de ejemplo para Guitarra acºstica #300 en excelente estado.;55,00;aceptable;6,3;https://images.unsplash.com/photo-1510915361894-db8b60106cb1?q=80&w=800&auto=format&fit=crop;adc8f222-aa5d-41c5-b1db-8f39e8200b5d;a4cc673a-1774-467b-8f2d-199dca300f6b;2025-01-17;true
6a19c5da-dc2a-4446-b5f5-67c1b34e8ea9;Guitarra acºstica;Descripciµn de ejemplo para Guitarra acºstica en excelente estado.;120,00;aceptable;36,98;https://images.unsplash.com/photo-1510915361894-db8b60106cb1?q=80&w=800&auto=format&fit=crop;adc8f222-aa5d-41c5-b1db-8f39e8200b5d;e5b4dbf0-f44a-4a75-b48d-1e331946992b;2024-07-07;true
7d107554-7e64-4df2-91d0-7f50150c6af3;Coche de juguete;Descripciµn de ejemplo para Coche de juguete en excelente estado.;95,00;como nuevo;1,26;https://images.unsplash.com/photo-1594787318286-3d835c1d207f?q=80&w=800&auto=format&fit=crop;43388e42-6a1e-46fa-b099-2d143202f103;a4cc673a-1774-467b-8f2d-199dca300f6b;2024-08-01;true
fa0036ef-2507-4d17-b1b2-456948f357c2;Mochila de senderismo;Descripciµn de ejemplo para Mochila de senderismo en excelente estado.;35,00;bueno;3,54;https://images.unsplash.com/photo-1551632811-561732d1e306?q=80&w=800&auto=format&fit=crop;9a005a77-331b-484a-8dec-39df4f2e63ed;bc7a7e6a-c405-466b-8545-d5dba6beb9f3;2024-11-19;false
21450e83-abe8-4db4-9ead-144eafd39777;Libro de recetas;Descripciµn de ejemplo para Libro de recetas en excelente estado.;22,00;como nuevo;42,29;https://images.unsplash.com/photo-1542010589005-d1eacc3918f2?q=80&w=1192&auto=format&fit=crop&ixlib=rb-4.1.0&ixid=M3wxMjA3fDB8MHxwaG90by1wYWdlfHx8fGVufDB8fHx8fA%3D%3D;2eeb019f-2fc2-471b-9bb8-b549ebc78b63;cf5826ce-8820-476d-91d1-b8c7ff036e4b;2024-05-01;false
eaf40adf-53a1-480a-8dc1-d8d82b9b881b;Guitarra acºstica;Descripciµn de ejemplo para Guitarra acºstica en excelente estado.;30,00;aceptable;1,48;https://images.unsplash.com/photo-1510915361894-db8b60106cb1?q=80&w=800&auto=format&fit=crop;adc8f222-aa5d-41c5-b1db-8f39e8200b5d;e5b4dbf0-f44a-4a75-b48d-1e331946992b;2024-01-08;false
45bc3182-39ed-4220-b6ef-30d3d274fc48;CÃmara de acciµn #454;Descripciµn de ejemplo para CÃmara de acciµn #454 en excelente estado.;60,00;aceptable;1,72;https://images.unsplash.com/photo-1516035069371-29a1b244cc32?q=80&w=800&auto=format&fit=crop;4d6d0688-e653-4f48-8a4f-770acc0b4c6a;8d4a9c90-ea86-436c-b41e-117278d3f733;2026-02-24;true
7e3865ec-0bc3-44c6-88d3-361b965d2ff9;Coche de juguete;Descripciµn de ejemplo para Coche de juguete en excelente estado.;45,00;bueno;3,08;https://images.unsplash.com/photo-1594787318286-3d835c1d207f?q=80&w=800&auto=format&fit=crop;9a005a77-331b-484a-8dec-39df4f2e63ed;0b574b63-38aa-4466-9631-1c204614576f;2023-06-12;true
aaa4c4a8-576f-420d-8ec5-1a28b06667f3;Taladro inalÃmbrico;Descripciµn de ejemplo para Taladro inalÃmbrico en excelente estado.;40,00;aceptable;47,86;https://images.unsplash.com/photo-1504148455328-c376907d081c?q=80&w=800&auto=format&fit=crop;3c9f4130-6efd-455d-884a-dafdaee6a4ff;325d8d0c-4917-4ae3-8dc0-21931359ffdd;2023-08-26;true
9a90dacd-34ab-446e-b8f7-d5f7836871d7;SofÃ de 3 plazas #972;Descripciµn de ejemplo para SofÃ de 3 plazas #972 en excelente estado.;28,00;bueno;15,64;https://images.unsplash.com/photo-1555041469-a586c61ea9bc?q=80&w=800&auto=format&fit=crop;99e49476-3326-4fc0-8395-3c4aa5ebedc9;899bb643-efc2-4e5d-8247-f2eb1ad1065e;2025-09-11;true
061fa059-3497-4277-ab6a-03801359d7f5;Mochila de senderismo;Descripciµn de ejemplo para Mochila de senderismo en excelente estado.;65,00;como nuevo;0,97;https://images.unsplash.com/photo-1551632811-561732d1e306?q=80&w=800&auto=format&fit=crop;9a005a77-331b-484a-8dec-39df4f2e63ed;f8e6aeb7-2616-40ea-ad85-799d54e8a360;2023-08-20;true
51158e52-008a-4867-b9b5-90777c23fdb6;Vinilo ediciµn limitada;Descripciµn de ejemplo para Vinilo ediciµn limitada en excelente estado.;120,00;como nuevo;1,19;https://images.unsplash.com/photo-1603048588665-791ca8aea617?q=80&w=800&auto=format&fit=crop;84be2a29-bc38-4612-861d-2df9fa9552ec;bb7d59f1-968f-47dc-8f9c-13f6669c0534;2025-12-23;false
7d8eff42-9a57-4f42-913e-c9442e8077f1;Taladro inalÃmbrico;Descripciµn de ejemplo para Taladro inalÃmbrico en excelente estado.;75,00;bueno;7,95;https://images.unsplash.com/photo-1504148455328-c376907d081c?q=80&w=800&auto=format&fit=crop;3c9f4130-6efd-455d-884a-dafdaee6a4ff;801e1b2b-cf0e-48a8-9324-18cd3505de93;2025-01-11;true
6542a034-831e-43a4-a2bb-3dad82f3d247;LÃmpara de sobremesa #487;Descripciµn de ejemplo para LÃmpara de sobremesa #487 en excelente estado.;30,00;bueno;7,04;https://images.unsplash.com/photo-1585128719715-46776b56a0d1?q=80&w=687&auto=format&fit=crop&ixlib=rb-4.1.0&ixid=M3wxMjA3fDB8MHxwaG90by1wYWdlfHx8fGVufDB8fHx8fA%3D%3D;99e49476-3326-4fc0-8395-3c4aa5ebedc9;ffdbe226-480a-46bf-a9bb-268738b6a4d9;2025-11-15;true
2e28aca0-a27a-4dcb-b99a-0ce52c7d5088;Altavoz portÃtil;Descripciµn de ejemplo para Altavoz portÃtil en excelente estado.;95,00;aceptable;10,64;https://images.unsplash.com/photo-1589003077984-894e133dabab?q=80&w=800&auto=format&fit=crop;99e49476-3326-4fc0-8395-3c4aa5ebedc9;e5b4dbf0-f44a-4a75-b48d-1e331946992b;2026-01-31;false
4850d054-8d62-496e-8748-e9442d602e9c;Set de ollas #980;Descripciµn de ejemplo para Set de ollas #980 en excelente estado.;85,00;bueno;77,3;https://images.unsplash.com/photo-1604414499020-f9ac575bc5ec?q=80&w=687&auto=format&fit=crop&ixlib=rb-4.1.0&ixid=M3wxMjA3fDB8MHxwaG90by1wYWdlfHx8fGVufDB8fHx8fA%3D%3D;99e49476-3326-4fc0-8395-3c4aa5ebedc9;749369f7-c9fd-427e-8edf-c706048008f0;2025-08-07;true
4dcbf506-304d-4910-9daf-b39aa7bea664;Taladro inalÃmbrico;Descripciµn de ejemplo para Taladro inalÃmbrico en excelente estado.;18,00;como nuevo;2,32;https://images.unsplash.com/photo-1504148455328-c376907d081c?q=80&w=800&auto=format&fit=crop;3c9f4130-6efd-455d-884a-dafdaee6a4ff;bb7d59f1-968f-47dc-8f9c-13f6669c0534;2026-02-07;true
266ea0ff-02c2-4b0f-b5f8-8e9a4bd83de5;Taladro inalÃmbrico;Descripciµn de ejemplo para Taladro inalÃmbrico en excelente estado.;90,00;como nuevo;4,92;https://images.unsplash.com/photo-1504148455328-c376907d081c?q=80&w=800&auto=format&fit=crop;3c9f4130-6efd-455d-884a-dafdaee6a4ff;e5b4dbf0-f44a-4a75-b48d-1e331946992b;2023-09-19;true
4e0b9639-87e1-4126-a462-d9b7d6f6d3a6;Coche de juguete;Descripciµn de ejemplo para Coche de juguete en excelente estado.;25,00;como nuevo;5,65;https://images.unsplash.com/photo-1594787318286-3d835c1d207f?q=80&w=800&auto=format&fit=crop;d01811ff-1d64-4878-90c5-b6618112a194;f3d73773-47d1-4f1d-825c-cf7222508d00;2025-11-07;false
35fbfb32-5efc-4fef-b1dc-13a45bca511d;Vinilo ediciµn limitada;Descripciµn de ejemplo para Vinilo ediciµn limitada en excelente estado.;60,00;aceptable;74,57;https://images.unsplash.com/photo-1603048588665-791ca8aea617?q=80&w=800&auto=format&fit=crop;2eeb019f-2fc2-471b-9bb8-b549ebc78b63;325d8d0c-4917-4ae3-8dc0-21931359ffdd;2024-11-02;true
6ae965ac-8f82-43fa-80bd-e6d3ef93da77;CÃmara de acciµn;Descripciµn de ejemplo para CÃmara de acciµn en excelente estado.;45,00;aceptable;31,32;https://images.unsplash.com/photo-1516035069371-29a1b244cc32?q=80&w=800&auto=format&fit=crop;4d6d0688-e653-4f48-8a4f-770acc0b4c6a;585e1e1b-9178-45b4-98bc-83348d202c48;2025-11-22;true
a4dd442d-9aed-4ffa-bb63-4e028f2e4cf2;CÃmara de acciµn;Descripciµn de ejemplo para CÃmara de acciµn en excelente estado.;50,00;como nuevo;8,09;https://images.unsplash.com/photo-1516035069371-29a1b244cc32?q=80&w=800&auto=format&fit=crop;4d6d0688-e653-4f48-8a4f-770acc0b4c6a;325d8d0c-4917-4ae3-8dc0-21931359ffdd;2026-01-10;false
e13c3c1e-bf41-4eb0-928e-7abfa417f52c;Mochila de senderismo;Descripciµn de ejemplo para Mochila de senderismo en excelente estado.;70,00;bueno;9,14;https://images.unsplash.com/photo-1551632811-561732d1e306?q=80&w=800&auto=format&fit=crop;9a005a77-331b-484a-8dec-39df4f2e63ed;16bdb74c-e68b-459b-b180-67a87b52416f;2026-02-24;true
a6c7fa0f-0855-4d12-8ce9-a012e4dc3fb6;Mesa de comedor #14;Descripciµn de ejemplo para Mesa de comedor #14 en excelente estado.;65,00;nuevo;4,64;https://images.unsplash.com/photo-1577140917170-285929fb55b7?q=80&w=800&auto=format&fit=crop;99e49476-3326-4fc0-8395-3c4aa5ebedc9;801e1b2b-cf0e-48a8-9324-18cd3505de93;2025-08-07;false
06bd00f1-e9f9-45d5-a406-079377c5a0d3;Coche de juguete #585;Descripciµn de ejemplo para Coche de juguete #585 en excelente estado.;85,00;bueno;40,31;https://images.unsplash.com/photo-1594787318286-3d835c1d207f?q=80&w=800&auto=format&fit=crop;2eeb019f-2fc2-471b-9bb8-b549ebc78b63;0dc4f615-17f2-48f9-bdd0-2b34a084700b;2024-03-05;true
fb8a1a94-0571-43f3-8ae1-5e0bf7538912;Bicicleta de montaþa #855;Descripciµn de ejemplo para Bicicleta de montaþa #855 en excelente estado.;15,00;como nuevo;51,83;https://images.unsplash.com/photo-1576435728678-68d0fbf94e91?q=80&w=800&auto=format&fit=crop;9a005a77-331b-484a-8dec-39df4f2e63ed;4db8c278-8988-4a14-a77f-4a4aa091d6f8;2024-04-21;false
7e574eba-a870-4ba2-9aa3-f66949571421;Taladro inalÃmbrico;Descripciµn de ejemplo para Taladro inalÃmbrico en excelente estado.;25,00;aceptable;1,88;https://images.unsplash.com/photo-1504148455328-c376907d081c?q=80&w=800&auto=format&fit=crop;3c9f4130-6efd-455d-884a-dafdaee6a4ff;f8e6aeb7-2616-40ea-ad85-799d54e8a360;2024-07-17;true
5bd07a98-3f7a-40fc-9c3d-7946c50a8bfd;Libro de recetas;Descripciµn de ejemplo para Libro de recetas en excelente estado.;60,00;como nuevo;15,89;https://images.unsplash.com/photo-1542010589005-d1eacc3918f2?q=80&w=1192&auto=format&fit=crop&ixlib=rb-4.1.0&ixid=M3wxMjA3fDB8MHxwaG90by1wYWdlfHx8fGVufDB8fHx8fA%3D%3D;2eeb019f-2fc2-471b-9bb8-b549ebc78b63;68ddd7e7-de65-42f7-92e0-99d862939bf5;2023-11-06;true
67a471cf-6226-4f50-9865-a7713a16f72c;Taladro inalÃmbrico;Descripciµn de ejemplo para Taladro inalÃmbrico en excelente estado.;40,00;aceptable;10,87;https://images.unsplash.com/photo-1504148455328-c376907d081c?q=80&w=800&auto=format&fit=crop;3c9f4130-6efd-455d-884a-dafdaee6a4ff;8228a023-6c03-43b8-a41b-608b7fdcf34b;2026-02-03;true
c7136dbd-b840-49c5-a569-dedf90642829;Bicicleta de montaþa;Descripciµn de ejemplo para Bicicleta de montaþa en excelente estado.;120,00;bueno;36,92;https://images.unsplash.com/photo-1576435728678-68d0fbf94e91?q=80&w=800&auto=format&fit=crop;9a005a77-331b-484a-8dec-39df4f2e63ed;585e1e1b-9178-45b4-98bc-83348d202c48;2025-02-23;false
